{
  "accounts": [
    {
      "id": "c729",
      "Email": "alekyanarmeta9@gmail.com",
      "password": "Alekya@123"
    },
    {
      "id": "ac0f",
      "Email": "alekyanarmeta9@gmail.com",
      "password": "Alekya@345"
    }
  ],
  "carts": [
    {
      "id": "d049",
      "product": {
        "id": 1,
        "title": "Fjallraven - Foldsack No. 1 Backpack, Fits 15 Laptops",
        "price": 109.95,
        "description": "Your perfect pack for everyday use and walks in the forest. Stash your laptop (up to 15 inches) in the padded sleeve, your everyday",
        "category": "men's clothing",
        "image": "https://fakestoreapi.com/img/81fPKd-2AYL._AC_SL1500_.jpg",
        "rating": {
          "rate": 3.9,
          "count": 120
        }
      }
    },
    {
      "id": "a899",
      "product": {
        "id": 2,
        "title": "Mens Casual Premium Slim Fit T-Shirts ",
        "price": 22.3,
        "description": "Slim-fitting style, contrast raglan long sleeve, three-button henley placket, light weight & soft fabric for breathable and comfortable wearing. And Solid stitched shirts with round neck made for durability and a great fit for casual fashion wear and diehard baseball fans. The Henley style round neckline includes a three-button placket.",
        "category": "men's clothing",
        "image": "https://fakestoreapi.com/img/71-3HjGNDUL._AC_SY879._SX._UX._SY._UY_.jpg",
        "rating": {
          "rate": 4.1,
          "count": 259
        }
      }
    },
    {
      "id": "b87b",
      "product": {
        "id": 19,
        "title": "Opna Women's Short Sleeve Moisture",
        "price": 7.95,
        "description": "100% Polyester, Machine wash, 100% cationic polyester interlock, Machine Wash & Pre Shrunk for a Great Fit, Lightweight, roomy and highly breathable with moisture wicking fabric which helps to keep moisture away, Soft Lightweight Fabric with comfortable V-neck collar and a slimmer fit, delivers a sleek, more feminine silhouette and Added Comfort",
        "category": "women's clothing",
        "image": "https://fakestoreapi.com/img/51eg55uWmdL._AC_UX679_.jpg",
        "rating": {
          "rate": 4.5,
          "count": 146
        }
      }
    },
    {
      "id": "4369",
      "product": {
        "id": 5,
        "title": "John Hardy Women's Legends Naga Gold & Silver Dragon Station Chain Bracelet",
        "price": 695,
        "description": "From our Legends Collection, the Naga was inspired by the mythical water dragon that protects the ocean's pearl. Wear facing inward to be bestowed with love and abundance, or outward for protection.",
        "category": "jewelery",
        "image": "https://fakestoreapi.com/img/71pWzhdJNwL._AC_UL640_QL65_ML3_.jpg",
        "rating": {
          "rate": 4.6,
          "count": 400
        }
      }
    },
    {
      "id": "6761",
      "product": {
        "id": 4,
        "title": "Mens Casual Slim Fit",
        "price": 15.99,
        "description": "The color could be slightly different between on the screen and in practice. / Please note that body builds vary by person, therefore, detailed size information should be reviewed below on the product description.",
        "category": "men's clothing",
        "image": "https://fakestoreapi.com/img/71YXzeOuslL._AC_UY879_.jpg",
        "rating": {
          "rate": 2.1,
          "count": 430
        }
      }
    },
    {
      "id": "2d1e",
      "product": {
        "id": 19,
        "title": "Opna Women's Short Sleeve Moisture",
        "price": 7.95,
        "description": "100% Polyester, Machine wash, 100% cationic polyester interlock, Machine Wash & Pre Shrunk for a Great Fit, Lightweight, roomy and highly breathable with moisture wicking fabric which helps to keep moisture away, Soft Lightweight Fabric with comfortable V-neck collar and a slimmer fit, delivers a sleek, more feminine silhouette and Added Comfort",
        "category": "women's clothing",
        "image": "https://fakestoreapi.com/img/51eg55uWmdL._AC_UX679_.jpg",
        "rating": {
          "rate": 4.5,
          "count": 146
        }
      }
    }
  ]
}